{
  "project_info": {
    "project_number": "538942860870",
    "firebase_url": "https://drunkmodefree-7adb8.firebaseio.com",
    "project_id": "drunkmodefree-7adb8",
    "storage_bucket": "drunkmodefree-7adb8.appspot.com"
  },
  "client": [
    {
      "client_info": {
        "mobilesdk_app_id": "1:538942860870:android:de957673adf767082ba447",
        "android_client_info": {
          "package_name": "com.example.drunk_mode_free"
        }
      },
      "oauth_client": [
        {
          "client_id": "538942860870-67npve7oaqus6ka7ggl7m8gqtk27et4q.apps.googleusercontent.com",
          "client_type": 1,
          "android_info": {
            "package_name": "com.example.drunk_mode_free",
            "certificate_hash": "c76111dd9687656279a5f8bd300b433d614c0ade"
          }
        },
        {
          "client_id": "538942860870-4ccb0s7cg1qajvs01nk3brf9altskvju.apps.googleusercontent.com",
          "client_type": 3
        }
      ],
      "api_key": [
        {
          "current_key": "AIzaSyAbykYRxcsA5YOMqwKghfm1kp61gck47KQ"
        }
      ],
      "services": {
        "appinvite_service": {
          "other_platform_oauth_client": [
            {
              "client_id": "538942860870-4ccb0s7cg1qajvs01nk3brf9altskvju.apps.googleusercontent.com",
              "client_type": 3
            }
          ]
        }
      }
    }
  ],
  "configuration_version": "1"
}